ID,Start time,Completion time,Email,Name,Last modified time,Your Name,Email2,College,MS/PhD program (Major),Your background?,How did you hear about this event?,Any dietary restrictions?
1,9/2/26 10:14:02,9/2/26 10:16:40,,,,Priya Raghunathan,PRIYA.R@uark.edu,Bumpers College,PhD Biological & Agricultural Engineering,"Machine learning, remote sensing",Departmental Announcement,Vegetarian
2,9/2/26 11:02:11,9/2/26 11:05:03,,,,Marcus Oyelaran,m.oyelaran@uark.edu,Engineering,MS Computer Science,Software engineering,Classmate,
3,9/3/26 08:41:55,9/3/26 08:44:19,,,,Maria Elena Vargas Ruiz,mevargas@astate.edu,Bumpers College,PhD Crop Science,"Agronomy, plant breeding",Email newsletter,"Gluten-free, no shellfish"
4,9/3/26 09:15:00,9/3/26 09:17:22,,,,Madonna,madonna@uark.edu,Bumpers College,MS Poultry Science,Animal science,Flyer,
5,9/4/26 14:20:31,9/4/26 14:21:02,,,,Ella Nakamura,not-an-email,Engineering,PhD Mechanical Engineering,Robotics,Social media,Peanut allergy
6,9/4/26 15:00:00,9/4/26 15:02:10,,,,,r.solberg@uark.edu,Bumpers College,MS Food Science,Food chemistry,Flyer,
7,9/5/26 07:30:10,9/5/26 07:33:44,,,,  Priya   Raghunathan  ,priya.r@UARK.EDU,Bumpers College,PhD Biological & Agricultural Engineering,"Updated: adds
a multi-line note",Departmental Announcement,Vegetarian
8,9/5/26 16:12:00,9/5/26 16:14:51,,,,Luis Ferreira da Silva,lferreira@uark.edu,Bumpers College,PhD Poultry Science,"Automation, computer vision",Departmental Announcement,
